{
    "dataset": "p2p-Gnutella",
    "seeds": 600,
    "data": [
        {
            "k_nodes": 10,
            "budget_edges": 868,
            "dino_H": 2258.1126611987443,
            "sg_H": 2061.225117281223
        },
        {
            "k_nodes": 15,
            "budget_edges": 1256,
            "dino_H": 2252.6050405137235,
            "sg_H": 1981.0511642151184
        },
        {
            "k_nodes": 20,
            "budget_edges": 1607,
            "dino_H": 2246.5369458062164,
            "sg_H": 1910.5983339507732
        }
    ]
}