{
    "dataset": "p2p-Gnutella",
    "seeds": 300,
    "data": [
        {
            "k_nodes": 5,
            "budget_edges": 459,
            "dino_H": 1146.621901380734,
            "sg_H": 1027.650199226979
        },
        {
            "k_nodes": 10,
            "budget_edges": 868,
            "dino_H": 1140.932219142924,
            "sg_H": 944.6879547157249
        },
        {
            "k_nodes": 15,
            "budget_edges": 1256,
            "dino_H": 1136.5072425391927,
            "sg_H": 938.8244920720783
        }
    ]
}