{
    "dataset": "p2p-Gnutella",
    "k_nodes": 5,
    "dino": {
        "selected_nodes": [
            123,
            367,
            427,
            249,
            264
        ],
        "edges_removed": 459,
        "H_final": 19.804235481701312,
        "time_s": 0.4962639808654785
    },
    "sg_snir": {
        "edges_removed": 459,
        "H_final": 15.625697866663424,
        "time_s": 2.572545051574707,
        "evals": [
            7,
            6,
            5,
            4,
            3,
            2,
            1,
            8,
            7,
            6,
            5,
            4,
            3,
            2,
            1
        ]
    }
}