{
  "dataset": "HIV",
  "k": 10,
  "seed_sizes": [
    1,
    3,
    5,
    10,
    20
  ],
  "n_trials": 10,
  "results": {
    "1": {
      "sg_snir": {
        "H_finals": [
          3.125139573332685,
          4.0661261393031385,
          7.83007240318495,
          4.536619422288365,
          4.0661261393031385,
          5.477605988258818,
          3.125139573332685,
          4.0661261393031385,
          3.125139573332685,
          3.125139573332685
        ],
        "mean": 4.2543,
        "std": 1.3989,
        "min": 3.1251,
        "max": 7.8301
      },
      "max_expected_h": {
        "H_finals": [],
        "mean": null,
        "std": null,
        "min": null,
        "max": null
      }
    },
    "3": {
      "sg_snir": {
        "H_finals": [
          19.726270945673043,
          14.550844832835546,
          18.314791096717357,
          15.021338115820775,
          10.316405285968507,
          13.139364983879867,
          19.726270945673043,
          22.549230643584398,
          11.72788513492419,
          9.375418719998057
        ],
        "mean": 15.4448,
        "std": 4.2263,
        "min": 9.3754,
        "max": 22.5492
      },
      "max_expected_h": {
        "H_finals": [],
        "mean": null,
        "std": null,
        "min": null,
        "max": null
      }
    },
    "5": {
      "sg_snir": {
        "H_finals": [
          40.98499325116438,
          15.625697866663424,
          113.20660144572595,
          31.151976205175895,
          33.50444262010202,
          54.67664035443716,
          25.506056809353186,
          25.506056809353186,
          22.683097111441825,
          29.270003073234996
        ],
        "mean": 39.2116,
        "std": 26.6817,
        "min": 15.6257,
        "max": 113.2066
      },
      "max_expected_h": {
        "H_finals": [],
        "mean": null,
        "std": null,
        "min": null,
        "max": null
      }
    },
    "10": {
      "sg_snir": {
        "H_finals": [
          47.24816735482454,
          113.05259558944233,
          60.42197927841085,
          65.59740539124832,
          140.90432974335943,
          91.47453595543581,
          53.835073316617695,
          73.12529791901193,
          97.84481879248533,
          68.89085837214493
        ],
        "mean": 81.2395,
        "std": 27.8482,
        "min": 47.2482,
        "max": 140.9043
      },
      "max_expected_h": {
        "H_finals": [],
        "mean": null,
        "std": null,
        "min": null,
        "max": null
      }
    },
    "20": {
      "sg_snir": {
        "H_finals": [
          119.31257865328908,
          173.19299498673428,
          218.406183909153,
          189.86491144549151,
          199.48465663087288,
          225.30451685933022,
          126.48987795264446,
          128.99147664316519,
          169.03943969665846,
          141.56705142217794
        ],
        "mean": 169.1654,
        "std": 36.9084,
        "min": 119.3126,
        "max": 225.3045
      },
      "max_expected_h": {
        "H_finals": [],
        "mean": null,
        "std": null,
        "min": null,
        "max": null
      }
    }
  }
}