{
  "dataset": "p2p-Gnutella",
  "k": 10,
  "seed_sizes": [
    1,
    3,
    5,
    10,
    20
  ],
  "n_trials": 10,
  "results": {
    "1": {
      "sg_snir": {
        "H_finals": [
          3.125139573332685,
          3.125139573332685,
          3.125139573332685,
          3.125139573332685,
          3.125139573332685,
          3.125139573332685,
          3.125139573332685,
          3.125139573332685,
          3.125139573332685,
          3.125139573332685
        ],
        "mean": 3.1251,
        "std": 0.0,
        "min": 3.1251,
        "max": 3.1251
      },
      "max_expected_h": {
        "H_finals": [],
        "mean": null,
        "std": null,
        "min": null,
        "max": null
      }
    },
    "3": {
      "sg_snir": {
        "H_finals": [
          13.502289350982426,
          13.502289350982423,
          13.205520415570868,
          13.502289350982425,
          13.978798698206539,
          13.110490297873605,
          11.928564605406049,
          14.349416141749197,
          13.502289350982425,
          13.089602287883984
        ],
        "mean": 13.3672,
        "std": 0.6042,
        "min": 11.9286,
        "max": 14.3494
      },
      "max_expected_h": {
        "H_finals": [],
        "mean": null,
        "std": null,
        "min": null,
        "max": null
      }
    },
    "5": {
      "sg_snir": {
        "H_finals": [
          24.11203647445788,
          26.117650108352876,
          23.861093907754544,
          19.95891202919701,
          22.452549776532155,
          28.793883017547355,
          25.084659989985514,
          22.28753996392814,
          25.659508858223212,
          22.91728090767163
        ],
        "mean": 24.1245,
        "std": 2.326,
        "min": 19.9589,
        "max": 28.7939
      },
      "max_expected_h": {
        "H_finals": [],
        "mean": null,
        "std": null,
        "min": null,
        "max": null
      }
    },
    "10": {
      "sg_snir": {
        "H_finals": [
          48.21180727169747,
          50.94424932892571,
          56.47447361105668,
          47.32168688328028,
          50.32888309366963,
          49.086153148107364,
          45.74841773654936,
          49.48992994894773,
          49.10629075187782,
          53.734117554609135
        ],
        "mean": 50.0446,
        "std": 2.9527,
        "min": 45.7484,
        "max": 56.4745
      },
      "max_expected_h": {
        "H_finals": [],
        "mean": null,
        "std": null,
        "min": null,
        "max": null
      }
    },
    "20": {
      "sg_snir": {
        "H_finals": [
          100.47356952660274,
          95.19669873642586,
          109.43976958222875,
          102.28088003766011,
          102.75056772778447,
          100.92876990028101,
          103.17214347803919,
          105.00488423871654,
          103.4436081207257,
          101.32731169050706
        ],
        "mean": 102.4018,
        "std": 3.4217,
        "min": 95.1967,
        "max": 109.4398
      },
      "max_expected_h": {
        "H_finals": [],
        "mean": null,
        "std": null,
        "min": null,
        "max": null
      }
    }
  }
}