{
  "dataset": "Wiki-Vote",
  "k": 10,
  "seed_sizes": [
    1,
    3,
    5,
    10,
    20
  ],
  "n_trials": 10,
  "results": {
    "1": {
      "sg_snir": {
        "H_finals": [
          6.7820078202476735,
          3.125139573332685,
          16.901687934771726,
          3.125139573332685,
          3.125139573332685,
          3.125139573332685,
          3.125139573332685,
          7.862491408367702,
          3.8503591483115707,
          3.125139573332685
        ],
        "mean": 5.4147,
        "std": 4.1679,
        "min": 3.1251,
        "max": 16.9017
      },
      "max_expected_h": {
        "H_finals": [],
        "mean": null,
        "std": null,
        "min": null,
        "max": null
      }
    },
    "3": {
      "sg_snir": {
        "H_finals": [
          9.375418719998057,
          9.826509524394854,
          9.564702221774438,
          10.268067349449858,
          9.375418719998057,
          9.42273959544215,
          28.80666422863317,
          14.537127238044889,
          11.174705367046545,
          12.643227603174175
        ],
        "mean": 12.4995,
        "std": 5.6708,
        "min": 9.3754,
        "max": 28.8067
      },
      "max_expected_h": {
        "H_finals": [],
        "mean": null,
        "std": null,
        "min": null,
        "max": null
      }
    },
    "5": {
      "sg_snir": {
        "H_finals": [
          20.323815394506397,
          16.382489132311466,
          29.585299172524007,
          34.99445614416517,
          18.21327935207609,
          15.814981368439804,
          19.006944222547453,
          16.05265677978949,
          15.910384458383373,
          17.43849351649038
        ],
        "mean": 20.3723,
        "std": 6.2376,
        "min": 15.815,
        "max": 34.9945
      },
      "max_expected_h": {
        "H_finals": [],
        "mean": null,
        "std": null,
        "min": null,
        "max": null
      }
    },
    "10": {
      "sg_snir": {
        "H_finals": [
          34.03870532965566,
          46.35769420032278,
          38.1154979156596,
          38.67364920783448,
          55.093290401534375,
          34.885480601065254,
          60.687942470105895,
          61.03270844993408,
          36.496791374681955,
          41.088741080388175
        ],
        "mean": 44.6471,
        "std": 10.0155,
        "min": 34.0387,
        "max": 61.0327
      },
      "max_expected_h": {
        "H_finals": [],
        "mean": null,
        "std": null,
        "min": null,
        "max": null
      }
    },
    "20": {
      "sg_snir": {
        "H_finals": [
          88.19904462784417,
          82.62951198928008,
          86.22457475295687,
          88.72467314706601,
          91.15064294938689,
          93.57222568266613,
          81.57372295369778,
          79.73148343341191,
          76.40884783761672,
          118.56473651948569
        ],
        "mean": 88.6779,
        "std": 11.1676,
        "min": 76.4088,
        "max": 118.5647
      },
      "max_expected_h": {
        "H_finals": [],
        "mean": null,
        "std": null,
        "min": null,
        "max": null
      }
    }
  }
}