{
  "dataset": "p2p-Gnutella",
  "n_values": 24,
  "min": 0.0003221303554171588,
  "max": 0.06013099967786965,
  "mean": 0.025743584237087943,
  "pct_below_0001": 12.5,
  "pct_below_001": 12.5,
  "pct_above_01": 0.0,
  "bins": [
    "<0.001",
    "0.001-0.005",
    "0.005-0.01",
    "0.01-0.05",
    "0.05-0.1",
    "0.1-0.5",
    "0.5-1.0",
    ">1.0"
  ],
  "counts": [
    3,
    7,
    2,
    4,
    8,
    0,
    0,
    0
  ]
}