{
  "dataset": "p2p-Gnutella",
  "n_iterations": 20,
  "n_values": 290,
  "min": 0.0005369415807560138,
  "max": 0.0015037593984962407,
  "mean": 0.0009643261031787569,
  "median": 0.0009672739025191478,
  "bins": [
    "<0.001",
    "0.001-0.005",
    "0.005-0.01",
    "0.01-0.05",
    "0.05-0.1",
    "0.1-0.5",
    "0.5-1.0",
    ">1.0"
  ],
  "counts": [
    154,
    136,
    0,
    0,
    0,
    0,
    0,
    0
  ]
}