{
  "dataset": "Wiki-Vote",
  "p_mode": "variable",
  "eta_label": "eta_low",
  "eta_value": 0.14,
  "k_values": [
    5,
    10,
    20
  ],
  "n_trials": 5,
  "trials": [
    {
      "trial": 0,
      "seed": 42,
      "methods": {
        "SG-SNIR": {
          "H_history": [
            18.642169859969485,
            17.8733837261307,
            17.47682234643592,
            17.34202193420905,
            17.207172296420012,
            17.072357066989145,
            16.937820632803398,
            16.803355786272487,
            16.412765391486317,
            16.07637754862812,
            15.739989705769926,
            15.625697866663424
          ],
          "eval_counts": [
            2,
            1,
            6,
            5,
            4,
            3,
            2,
            1,
            4,
            3,
            2,
            1
          ],
          "time_s": 7.933
        },
        "Random": {
          "H_history": [
            19.080461031927076,
            18.94588395986043,
            18.811409309190427,
            18.040404929376905,
            17.926093506895903,
            17.791279918146234,
            17.656412379003307,
            17.521583370943116,
            17.125011389730716,
            16.356332022314604,
            15.96208570952162,
            15.625697866663424
          ],
          "time_s": 2.847
        },
        "DegreeProduct": {
          "H_history": [
            19.278702564713928,
            19.143920210760818,
            19.00906337642812,
            18.87424331553065,
            18.541536519244605,
            18.40695161938224,
            17.63589450028559,
            17.23932252184427,
            16.470623861421103,
            16.13423601856291,
            16.019944179456413,
            15.625697866663424
          ],
          "time_s": 2.651
        }
      }
    },
    {
      "trial": 1,
      "seed": 49,
      "methods": {
        "SG-SNIR": {
          "H_history": [
            19.49747664370303,
            19.47112092115614,
            19.444790360854512,
            19.418461987145196,
            19.39214080577304,
            19.36582213103174,
            19.33951329016377,
            19.313210300027105,
            19.286924129841594,
            19.26064265093048,
            19.23436471785201,
            19.208098673595604,
            19.18184302034895,
            19.15559094906472,
            19.129339086470495,
            19.103088657902497,
            19.076855671295007,
            19.050624898369374,
            19.024445267635873,
            18.99826620182367
          ],
          "eval_counts": [
            66,
            65,
            64,
            63,
            62,
            61,
            60,
            59,
            58,
            57,
            56,
            55,
            54,
            53,
            52,
            51,
            50,
            49,
            48,
            47
          ],
          "time_s": 391.386
        },
        "Random": {
          "H_history": [
            19.5016199692645,
            19.49144870915605,
            19.479483566149494,
            19.453201632039942,
            19.441258403701113,
            19.433655992066445,
            19.423483731212457,
            19.411634359817082,
            19.404031462863525,
            19.377675706561654,
            19.3687036815871,
            19.342529289857183,
            19.334926295522248,
            19.327324394872374,
            19.31035484202725,
            19.293352762202538,
            19.28135859186141,
            19.272385930394908,
            19.246132097739217,
            19.237167336919896
          ],
          "time_s": 6.984
        },
        "DegreeProduct": {
          "H_history": [
            19.514966774549695,
            19.50601075737264,
            19.497421733914333,
            19.48848548189326,
            19.47967310620594,
            19.47072554688407,
            19.461906677491154,
            19.4543080503731,
            19.44548699133137,
            19.436524104377707,
            19.427707254654017,
            19.41590942504857,
            19.40695049804742,
            19.39812398123955,
            19.3906247464742,
            19.374086282310405,
            19.36648878274838,
            19.358896509253892,
            19.346931244876636,
            19.32995179761477
          ],
          "time_s": 6.991
        }
      }
    },
    {
      "trial": 2,
      "seed": 56,
      "methods": {
        "SG-SNIR": {
          "H_history": [
            18.721287858013543,
            17.952466848684356,
            17.85092096203888,
            17.749774156586508,
            17.648905475347135,
            17.547903618349594,
            17.518738712017694,
            17.48957780579811,
            17.460419561753113,
            17.431279341119254,
            17.40214546761398,
            17.37301378458565,
            17.343886437718254,
            17.314761237061415,
            17.285645148842697,
            17.25653086187527,
            17.227419013165836,
            17.19831619782448,
            17.16921392429099,
            17.140117379976846
          ],
          "eval_counts": [
            25,
            24,
            23,
            22,
            21,
            20,
            19,
            18,
            17,
            16,
            15,
            14,
            13,
            12,
            11,
            10,
            9,
            8,
            7,
            6
          ],
          "time_s": 102.062
        },
        "Random": {
          "H_history": [
            19.40914068417979,
            18.637736214276085,
            18.613060438012305,
            18.511482336414527,
            18.482382332683763,
            18.381531889275426,
            18.35685684810323,
            18.327733227433544,
            18.29861981438856,
            18.273944720101056,
            18.112867822110722,
            18.08819415654008,
            18.05910035501874,
            18.029990849685962,
            18.000925072267947,
            17.971784505577666,
            17.810766299865712,
            17.724842469685292,
            17.700169754782028,
            17.671185288208072
          ],
          "time_s": 6.509
        },
        "DegreeProduct": {
          "H_history": [
            19.46365000395959,
            19.434625150378377,
            19.41003697528758,
            19.380938388362317,
            19.358597378794578,
            19.329485317156326,
            19.30051002761068,
            19.275838802982953,
            19.246727210375003,
            19.21762289376671,
            19.188558387909968,
            19.159473382765768,
            19.130384009097547,
            19.10570823158914,
            19.07658662114309,
            18.975730303015236,
            18.889849979190817,
            18.865174595265305,
            18.83607587867303,
            18.80693686212568
          ],
          "time_s": 6.629
        }
      }
    },
    {
      "trial": 3,
      "seed": 63,
      "methods": {
        "SG-SNIR": {
          "H_history": [
            18.636805844831223,
            18.47531859700369,
            18.31381592701405,
            18.152258889124585,
            17.991068765112512,
            17.959560945199538,
            17.928082543505596,
            17.89668656492051,
            17.865308786298186,
            17.833941795186526,
            17.80258443046706,
            17.771233287678157,
            17.739888016625695,
            17.708549961723737,
            17.677219659989575,
            17.645899608176816,
            17.61458156684623,
            17.58327682093801,
            17.551978598458714,
            17.520687340965235
          ],