{
  "dataset": "Wiki-Vote",
  "p_mode": "variable",
  "eta_label": "eta_high",
  "eta_value": 0.215,
  "k_values": [
    5,
    10,
    20
  ],
  "n_trials": 5,
  "trials": [
    {
      "trial": 0,
      "seed": 42,
      "methods": {
        "SG-SNIR": {
          "H_history": [
            18.18911723233275,
            17.537801862747255,
            17.201766970383627,
            17.08752675199678,
            16.973243231723494,
            16.8589867672156,
            16.7449518419512,
            16.630970341070157,
            16.299705792868107,
            16.011645474984746,
            15.723585157101382,
            15.625697866663424
          ],
          "eval_counts": [
            2,
            1,
            6,
            5,
            4,
            3,
            2,
            1,
            4,
            3,
            2,
            1
          ],
          "time_s": 7.935
        },
        "Random": {
          "H_history": [
            18.55715838001718,
            18.44309079202678,
            18.329101204550582,
            17.67597660307882,
            17.578074115678817,
            17.463823550066266,
            17.34952610768048,
            17.235258656301617,
            16.89921580187369,
            16.24798402849735,
            15.913758184546786,
            15.625697866663424
          ],
          "time_s": 2.848
        },
        "DegreeProduct": {
          "H_history": [
            18.72825502273805,
            18.614025864351586,
            18.49974018439469,
            18.385479224257885,
            18.100400537020647,
            17.986326646675558,
            17.333160916413803,
            16.99711806413979,
            16.345871318935313,
            16.05781100105195,
            15.95992371061399,
            15.625697866663424
          ],
          "time_s": 2.689
        }
      }
    },
    {
      "trial": 1,
      "seed": 49,
      "methods": {
        "SG-SNIR": {
          "H_history": [
            18.913121940074554,
            18.890787762691513,
            18.86847346045448,
            18.846160447535315,
            18.82385323489253,
            18.801547910910376,
            18.77925067983697,
            18.75695766813164,
            18.7346781827834,
            18.712401805052703,
            18.69012853977506,
            18.667865036226154,
            18.645609240127133,
            18.623356174051473,
            18.601103193575934,
            18.57885119618215,
            18.556613058990436,
            18.53437662695443,
            18.512180560289902,
            18.489984576617857
          ],
          "eval_counts": [
            66,
            65,
            64,
            63,
            62,
            61,
            60,
            59,
            58,
            57,
            56,
            55,
            54,
            53,
            52,
            51,
            50,
            49,
            48,
            47
          ],
          "time_s": 391.825
        },
        "Random": {
          "H_history": [
            18.916425384176748,
            18.9077133058046,
            18.897570262427717,
            18.875294172461246,
            18.865167897599207,
            18.858656146619715,
            18.849943262087603,
            18.839890411177276,
            18.83337826652068,
            18.811044064618955,
            18.803439700352296,
            18.781247449905482,
            18.774735226990696,
            18.7682238844744,
            18.75384002887932,
            18.739430202954182,
            18.729263830283106,
            18.721659022038498,
            18.699404679898674,
            18.691806141869666
          ],
          "time_s": 6.998
        },
        "DegreeProduct": {
          "H_history": [
            18.927935719780244,
            18.920344121417013,
            18.913059675915296,
            18.9054834832734,
            18.8980124080369,
            18.890427303986314,
            18.88295099092402,
            18.87644229825011,
            18.86896423105236,
            18.861367047619552,
            18.853892238359837,
            18.84389023813332,
            18.83629623960015,
            18.828813805121857,
            18.8223856341671,
            18.808362020698613,
            18.801854239736222,
            18.79535069829299,
            18.785207560408878,
            18.770815475617386
          ],
          "time_s": 7.092
        }
      }
    },
    {
      "trial": 2,
      "seed": 56,
      "methods": {
        "SG-SNIR": {
          "H_history": [
            18.254339700492576,
            17.602886222046873,
            17.516836784839732,
            17.431099927984963,
            17.345589228742593,
            17.259964626823177,
            17.23524886986865,
            17.210536370645965,
            17.185826013466986,
            17.161129620803194,
            17.136438373023953,
            17.111748937985144,
            17.087062856356358,
            17.062378487063253,
            17.037701172357114,
            17.01302526766329,
            16.988351307652895,
            16.963684371112496,
            16.93901802905472,
            16.91435611714754
          ],
          "eval_counts": [
            25,
            24,
            23,
            22,
            21,
            20,
            19,
            18,
            17,
            16,
            15,
            14,
            13,
            12,
            11,
            10,
            9,
            8,
            7,
            6
          ],
          "time_s": 101.73
        },
        "Random": {
          "H_history": [
            18.836175771670945,
            18.182754574245113,
            18.161619222371787,
            18.07554368080683,
            18.050878951892702,
            17.965382901941087,
            17.944248148508763,
            17.9195650243917,
            17.894889791901207,
            17.873754995074695,
            17.737231244286125,
            17.716097604335165,
            17.691437848610228,
            17.666765730891445,
            17.6421279334287,
            17.617431283569502,
            17.480952368643983,
            17.407359879702597,
            17.38622699989448,
            17.3616530522343
          ],
          "time_s": 6.514
        },
        "DegreeProduct": {
          "H_history": [
            18.883142426437367,
            18.8585389119341,
            18.837474455972217,
            18.812811102242094,
            18.793652806973327,
            18.768978943335977,
            18.744412325186786,
            18.723280656042633,
            18.698606816107887,
            18.673939244373326,
            18.649302433596805,
            18.624649854249462,
            18.599993336764673,
            18.578857983845623,
            18.554176609579535,
            18.468675831707156,
            18.395118577169278,
            18.37398353378459,
            18.349319688746107,
            18.32462425126168
          ],
          "time_s": 6.688
        }
      }
    },
    {
      "trial": 3,
      "seed": 63,
      "methods": {
        "SG-SNIR": {
          "H_history": [
            18.18722025384819,
            18.05036598892262,
            17.913504608274128,
            17.77659549046935,
            17.639971021487934,
            17.613276393405464,
            17.58660572616052,
            17.55999899909528,
            17.533406465129772,
            17.50682261225992,
            17.48024619559968,
            17.45367467187768,
            17.42710769896207,
            17.40054637817477,
            17.373991430988113,
            17.347444639646476,
            17.320899036481464,
            17.294363968850504,
            17.267834361685402,
            17.241309991408166
          ],