{
  "dataset": "Wiki-Vote",
  "k": 20,
  "n_trials": 3,
  "seeds": [
    42,
    49,
    56
  ],
  "sg_mean": 22.148815546765253,
  "sg_std": 8.259596347333915,
  "meh_mean": 21.660092233681354,
  "meh_std": 7.726631299232047,
  "quality_gap_pct": 2.256330710928072
}