{
  "dataset": "Wiki-Vote",
  "p_mode": "fixed",
  "eta_label": "eta_high",
  "eta_value": 0.215,
  "k_values": [
    5,
    10,
    20
  ],
  "n_trials": 5,
  "trials": [
    {
      "trial": 0,
      "seed": 42,
      "methods": {
        "SG-SNIR": {
          "H_history": [
            16.43080637407964,
            16.37294391634376,
            16.17115384679938,
            16.02841977919345,
            15.955863122094788,
            15.898083784280349,
            15.842312639766256,
            15.789105913728669,
            15.747290028038275,
            15.706759307579995,
            15.666228587121708,
            15.625697866663424
          ],
          "eval_counts": [
            2,
            1,
            6,
            5,
            4,
            3,
            2,
            1,
            4,
            3,
            2,
            1
          ],
          "time_s": 7.355
        },
        "Random": {
          "H_history": [
            16.449136299450444,
            16.306401194199253,
            16.23385161796579,
            16.175014082413234,
            16.134482671821054,
            15.932679652636027,
            15.879474813809436,
            15.821693614358589,
            15.765922014631979,
            15.708056737008267,
            15.666228587121708,
            15.625697866663424
          ],
          "time_s": 2.654
        },
        "DegreeProduct": {
          "H_history": [
            16.417120173528996,
            16.363993665132288,
            16.162151565586285,
            16.104372951037067,
            16.063867619391246,
            15.921090587968838,
            15.862225154711238,
            15.806453566542446,
            15.748587457466547,
            15.708056737008267,
            15.667526016549985,
            15.625697866663424
          ],
          "time_s": 2.487
        }
      }
    },
    {
      "trial": 1,
      "seed": 49,
      "methods": {
        "SG-SNIR": {
          "H_history": [
            34.30855514026001,
            33.90714784637894,
            33.52620260181936,
            33.27922056199032,
            33.07020032066242,
            32.86355093017538,
            32.663199215391636,
            32.464408228911225,
            32.27846205489694,
            32.10608939617926,
            31.94520060858661,
            31.78585171266585,
            31.636728668285976,
            31.491257410438404,
            31.348345652503916,
            31.212501504464953,
            31.084619540877355,
            30.960141379630635,
            30.836322367337537,
            30.71431592752067
          ],
          "eval_counts": [
            66,
            65,
            64,
            63,
            62,
            61,
            60,
            59,
            58,
            57,
            56,
            55,
            54,
            53,
            52,
            51,
            50,
            49,
            48,
            47
          ],
          "time_s": 365.575
        },
        "Random": {
          "H_history": [
            34.78377163682841,
            34.74357549604936,
            34.7019178481686,
            34.63723710051551,
            34.59508176831951,
            34.554753413517126,
            34.51428204591147,
            34.47337206429108,
            34.43302107970181,
            34.381879056607346,
            34.309258964022305,
            34.25147939162863,
            34.211013936630295,
            34.17084238517469,
            34.10829178973027,
            34.035976261353525,
            33.94704780953041,
            33.80545642977726,
            33.75282420515388,
            33.696935756235895
          ],
          "time_s": 6.47
        },
        "DegreeProduct": {
          "H_history": [
            34.775872869829925,
            34.70625901831972,
            34.63286143342248,
            34.56166010768351,
            34.3906228171597,
            34.333556936886566,
            34.135875066527554,
            34.095915433088365,
            33.7149572295545,
            33.641371186539196,
            33.48103797614478,
            32.96385271326264,
            32.90494239372065,
            32.71912416601957,
            32.67912398286994,
            32.601223845862044,
            32.561148911794525,
            32.52094307090856,
            32.47923392038369,
            31.93142922265105
          ],
          "time_s": 6.531
        }
      }
    },
    {
      "trial": 2,
      "seed": 56,
      "methods": {
        "SG-SNIR": {
          "H_history": [
            18.45377155410514,
            18.302601419563597,
            18.15537337507112,
            18.016713784622336,
            17.90276239964569,
            17.791297406272836,
            17.69359046178919,
            17.6012707133287,
            17.511426931941624,
            17.426630094202427,
            17.34838485209848,
            17.27869200919695,
            17.20951390306828,
            17.142100084643268,
            17.075824040897498,
            17.015822391065587,
            16.95601474418042,
            16.899405837556554,
            16.846229134517838,
            16.80027055613459
          ],
          "eval_counts": [
            25,
            24,
            23,
            22,
            21,
            20,
            19,
            18,
            17,
            16,
            15,
            14,
            13,
            12,
            11,
            10,
            9,
            8,
            7,
            6
          ],
          "time_s": 93.841
        },
        "Random": {
          "H_history": [
            18.616544249820645,
            18.563587963654193,
            18.523067957515178,
            18.4665707699094,
            18.406685526941246,
            18.36465813254145,
            18.32415452494685,
            18.23449160717319,
            18.087259471914336,
            18.046756577603162,
            17.985937780721102,
            17.94544779091226,
            17.867433811070033,
            17.716198256965917,
            17.57753549522173,
            17.53473691138234,
            17.48205358846493,
            17.441525193828532,
            17.401045176404196,
            17.334907133230903
          ],
          "time_s": 6.062
        },
        "DegreeProduct": {
          "H_history": [
            18.595020890583044,
            18.39389387295933,
            18.353454674316538,
            18.2558644851478,
            18.217506648098492,
            18.125265381144253,
            18.05909576486502,
            18.01859903517068,
            17.871299287303085,
            17.803946418486415,
            17.66527916984234,
            17.551257659993677,
            17.491465413023345,
            17.450939488571855,
            17.366193381743678,
            17.324145267390126,
            17.28367049881721,
            17.243144105086397,
            17.16493508415093,
            17.122132622078368
          ],
          "time_s": 6.252
        }
      }
    },
    {
      "trial": 3,
      "seed": 63,
      "methods": {
        "SG-SNIR": {
          "H_history": [
            20.871023788877633,
            20.311338459156485,
            20.120959095762046,
            19.97500475442353,
            19.833706600708958,
            19.703260972784747,
            19.577029536823268,
            19.456877111840996,
            19.336929291729525,
            19.21756650649839,
            19.098277535994267,
            18.993590659001352,
            18.888999410736876,
            18.785598144183798,
            18.68384800222019,
            18.582199403755407,
            18.49160211197518,
            18.401411696954856,
            18.312620186940343,
            18.22763862084206
          ],