{
  "dataset": "Wiki-Vote",
  "p_mode": "fixed",
  "eta_label": "eta_low",
  "eta_value": 0.14,
  "k_values": [
    5,
    10,
    20
  ],
  "n_trials": 5,
  "trials": [
    {
      "trial": 0,
      "seed": 42,
      "methods": {
        "SG-SNIR": {
          "H_history": [
            16.59836762412021,
            16.52924540123388,
            16.278941684115846,
            16.10301325863272,
            16.015400616894794,
            15.94638743445202,
            15.879856766266164,
            15.816590631177315,
            15.767660492995713,
            15.72033961755162,
            15.673018742107521,
            15.625697866663424
          ],
          "eval_counts": [
            2,
            1,
            6,
            5,
            4,
            3,
            2,
            1,
            4,
            3,
            2,
            1
          ],
          "time_s": 7.363
        },
        "Random": {
          "H_history": [
            16.621425644136043,
            16.445498623985426,
            16.357895756187478,
            16.287545007805534,
            16.24022323201883,
            15.989901225756663,
            15.926637715733618,
            15.857622090023645,
            15.791090834538728,
            15.721964017296447,
            15.673018742107521,
            15.625697866663424
          ],
          "time_s": 2.728
        },
        "DegreeProduct": {
          "H_history": [
            16.581148380308218,
            16.517984467972465,
            16.26761524036124,
            16.198603263520038,
            16.15131375725118,
            15.975330792856411,
            15.904944020396059,
            15.838412779790941,
            15.769284892740542,
            15.721964017296447,
            15.674643141852357,
            15.625697866663424
          ],
          "time_s": 2.514
        }
      }
    },
    {
      "trial": 1,
      "seed": 49,
      "methods": {
        "SG-SNIR": {
          "H_history": [
            38.24915986598174,
            37.7486732960403,
            37.27390982139512,
            36.9672553612204,
            36.70840366494905,
            36.45246451802345,
            36.20432188323972,
            35.958214984594875,
            35.72811846867083,
            35.515036692382935,
            35.31655359517817,
            35.11995920016289,
            34.93610706375121,
            34.75686046738174,
            34.580827243897325,
            34.413754013783404,
            34.256557770750945,
            34.103694246076316,
            33.9516743793652,
            33.801923679407786
          ],
          "eval_counts": [
            66,
            65,
            64,
            63,
            62,
            61,
            60,
            59,
            58,
            57,
            56,
            55,
            54,
            53,
            52,
            51,
            50,
            49,
            48,
            47
          ],
          "time_s": 363.864
        },
        "Random": {
          "H_history": [
            38.84524245947189,
            38.79833734968542,
            38.749598082319515,
            38.67195389806198,
            38.62258834020899,
            38.575517385284,
            38.528270177463575,
            38.48047425936391,
            38.43337502429888,
            38.37271667578158,
            38.28514123913039,
            38.21616565617233,
            38.168924912636804,
            38.12204869426209,
            38.04707626244438,
            37.95983893018034,
            37.85178601486396,
            37.677473152848656,
            37.614978170803425,
            37.5483740695005
          ],
          "time_s": 6.5
        },
        "DegreeProduct": {
          "H_history": [
            38.83532764640279,
            38.75147326857404,
            38.66262234814104,
            38.576758122391354,
            38.36542803861893,
            38.29737581850392,
            38.052739093339056,
            38.00612685539986,
            37.53137054308085,
            37.44249378409244,
            37.244740325700036,
            36.599443815713535,
            36.5290464771571,
            36.299136990072014,
            36.25247420011916,
            36.15806272684834,
            36.11130684516999,
            36.06438878201872,
            36.015585126853665,
            35.33151072969334
          ],
          "time_s": 6.637
        }
      }
    },
    {
      "trial": 2,
      "seed": 56,
      "methods": {
        "SG-SNIR": {
          "H_history": [
            19.029232022454508,
            18.842849475241806,
            18.661284420629578,
            18.490620938319516,
            18.350929977828198,
            18.214384235394004,
            18.095151908551237,
            17.982669266974337,
            17.873248692888293,
            17.77008417734862,
            17.675320131385035,
            17.59135705610572,
            17.507999919821934,
            17.42680608239181,
            17.347125845741136,
            17.275320025667455,
            17.203786995974998,
            17.136208462627128,
            17.072979874618287,
            17.01882509422456
          ],
          "eval_counts": [
            25,
            24,
            23,
            22,
            21,
            20,
            19,
            18,
            17,
            16,
            15,
            14,
            13,
            12,
            11,
            10,
            9,
            8,
            7,
            6
          ],
          "time_s": 93.597
        },
        "Random": {
          "H_history": [
            19.233905182153126,
            19.170957827242347,
            19.123650589049184,
            19.056219700107576,
            18.98456606945001,
            18.93536534882709,
            18.888078035158635,
            18.77889488957269,
            18.597328649077856,
            18.550042243787477,
            18.477246666423557,
            18.429976212146283,
            18.335511046129827,
            18.149045239166977,
            17.97837812892617,
            17.92820766993127,
            17.86562855320541,
            17.818310639158884,
            17.771052874260654,
            17.691549841383065
          ],
          "time_s": 6.091
        },
        "DegreeProduct": {
          "H_history": [
            19.207007106254686,
            18.95758686092778,
            18.91037961985721,
            18.791301772567383,
            18.74655171278276,
            18.634174888615238,
            18.554632620770725,
            18.507354060047703,
            18.325698147424323,
            18.244585667780573,
            18.073910922545387,
            17.934129453838523,
            17.862617620352673,
            17.81530285040183,
            17.71220317891014,
            17.66297647238293,
            17.615724915571153,
            17.568409546138252,
            17.4736936230934,
            17.42351808881822
          ],
          "time_s": 6.182
        }
      }
    },
    {
      "trial": 3,
      "seed": 63,
      "methods": {
        "SG-SNIR": {
          "H_history": [
            21.96027593514851,
            21.26065867739643,
            21.024851749716156,
            20.844949424726753,
            20.67089009123137,
            20.510522375824326,
            20.355264666554376,
            20.207772950384292,
            20.060400657687705,
            19.91392627006487,
            19.767449826828408,
            19.6394849571272,
            19.511517325598852,
            19.385054577499698,
            19.2607090719812,
            19.136456995470308,
            19.02618271672576,
            18.91637948966981,
            18.808328788352885,
            18.705033141285355
          ],